model_name,accuracy,precision,recall,f1_score
Gradient Boosting (Tuned),0.97,0.9295774647887324,0.9850746268656716,0.9565217391304348
